[{"model": "auth.permission", "pk": 1, "fields": {"name": "Can add log entry", "content_type": 1, "codename": "add_logentry"}}, {"model": "auth.permission", "pk": 2, "fields": {"name": "Can change log entry", "content_type": 1, "codename": "change_logentry"}}, {"model": "auth.permission", "pk": 3, "fields": {"name": "Can delete log entry", "content_type": 1, "codename": "delete_logentry"}}, {"model": "auth.permission", "pk": 4, "fields": {"name": "Can view log entry", "content_type": 1, "codename": "view_logentry"}}, {"model": "auth.permission", "pk": 5, "fields": {"name": "Can add permission", "content_type": 2, "codename": "add_permission"}}, {"model": "auth.permission", "pk": 6, "fields": {"name": "Can change permission", "content_type": 2, "codename": "change_permission"}}, {"model": "auth.permission", "pk": 7, "fields": {"name": "Can delete permission", "content_type": 2, "codename": "delete_permission"}}, {"model": "auth.permission", "pk": 8, "fields": {"name": "Can view permission", "content_type": 2, "codename": "view_permission"}}, {"model": "auth.permission", "pk": 9, "fields": {"name": "Can add group", "content_type": 3, "codename": "add_group"}}, {"model": "auth.permission", "pk": 10, "fields": {"name": "Can change group", "content_type": 3, "codename": "change_group"}}, {"model": "auth.permission", "pk": 11, "fields": {"name": "Can delete group", "content_type": 3, "codename": "delete_group"}}, {"model": "auth.permission", "pk": 12, "fields": {"name": "Can view group", "content_type": 3, "codename": "view_group"}}, {"model": "auth.permission", "pk": 13, "fields": {"name": "Can add content type", "content_type": 4, "codename": "add_contenttype"}}, {"model": "auth.permission", "pk": 14, "fields": {"name": "Can change content type", "content_type": 4, "codename": "change_contenttype"}}, {"model": "auth.permission", "pk": 15, "fields": {"name": "Can delete content type", "content_type": 4, "codename": "delete_contenttype"}}, {"model": "auth.permission", "pk": 16, "fields": {"name": "Can view content type", "content_type": 4, "codename": "view_contenttype"}}, {"model": "auth.permission", "pk": 17, "fields": {"name": "Can add session", "content_type": 5, "codename": "add_session"}}, {"model": "auth.permission", "pk": 18, "fields": {"name": "Can change session", "content_type": 5, "codename": "change_session"}}, {"model": "auth.permission", "pk": 19, "fields": {"name": "Can delete session", "content_type": 5, "codename": "delete_session"}}, {"model": "auth.permission", "pk": 20, "fields": {"name": "Can view session", "content_type": 5, "codename": "view_session"}}, {"model": "auth.permission", "pk": 21, "fields": {"name": "Can add Vendedor", "content_type": 6, "codename": "add_vendedor"}}, {"model": "auth.permission", "pk": 22, "fields": {"name": "Can change Vendedor", "content_type": 6, "codename": "change_vendedor"}}, {"model": "auth.permission", "pk": 23, "fields": {"name": "Can delete Vendedor", "content_type": 6, "codename": "delete_vendedor"}}, {"model": "auth.permission", "pk": 24, "fields": {"name": "Can view Vendedor", "content_type": 6, "codename": "view_vendedor"}}, {"model": "auth.permission", "pk": 25, "fields": {"name": "Can add Inquilino", "content_type": 7, "codename": "add_inquilino"}}, {"model": "auth.permission", "pk": 26, "fields": {"name": "Can change Inquilino", "content_type": 7, "codename": "change_inquilino"}}, {"model": "auth.permission", "pk": 27, "fields": {"name": "Can delete Inquilino", "content_type": 7, "codename": "delete_inquilino"}}, {"model": "auth.permission", "pk": 28, "fields": {"name": "Can view Inquilino", "content_type": 7, "codename": "view_inquilino"}}, {"model": "auth.permission", "pk": 29, "fields": {"name": "Can add Propiedad", "content_type": 8, "codename": "add_propiedad"}}, {"model": "auth.permission", "pk": 30, "fields": {"name": "Can change Propiedad", "content_type": 8, "codename": "change_propiedad"}}, {"model": "auth.permission", "pk": 31, "fields": {"name": "Can delete Propiedad", "content_type": 8, "codename": "delete_propiedad"}}, {"model": "auth.permission", "pk": 32, "fields": {"name": "Can view Propiedad", "content_type": 8, "codename": "view_propiedad"}}, {"model": "auth.permission", "pk": 33, "fields": {"name": "Can add sucursal", "content_type": 9, "codename": "add_sucursal"}}, {"model": "auth.permission", "pk": 34, "fields": {"name": "Can change sucursal", "content_type": 9, "codename": "change_sucursal"}}, {"model": "auth.permission", "pk": 35, "fields": {"name": "Can delete sucursal", "content_type": 9, "codename": "delete_sucursal"}}, {"model": "auth.permission", "pk": 36, "fields": {"name": "Can view sucursal", "content_type": 9, "codename": "view_sucursal"}}, {"model": "auth.permission", "pk": 37, "fields": {"name": "Can add reserva", "content_type": 10, "codename": "add_reserva"}}, {"model": "auth.permission", "pk": 38, "fields": {"name": "Can change reserva", "content_type": 10, "codename": "change_reserva"}}, {"model": "auth.permission", "pk": 39, "fields": {"name": "Can delete reserva", "content_type": 10, "codename": "delete_reserva"}}, {"model": "auth.permission", "pk": 40, "fields": {"name": "Can view reserva", "content_type": 10, "codename": "view_reserva"}}, {"model": "auth.permission", "pk": 41, "fields": {"name": "Can add Propietario", "content_type": 11, "codename": "add_propietario"}}, {"model": "auth.permission", "pk": 42, "fields": {"name": "Can change Propietario", "content_type": 11, "codename": "change_propietario"}}, {"model": "auth.permission", "pk": 43, "fields": {"name": "Can delete Propietario", "content_type": 11, "codename": "delete_propietario"}}, {"model": "auth.permission", "pk": 44, "fields": {"name": "Can view Propietario", "content_type": 11, "codename": "view_propietario"}}, {"model": "auth.permission", "pk": 45, "fields": {"name": "Can add Imagen de propiedad", "content_type": 12, "codename": "add_imagenpropiedad"}}, {"model": "auth.permission", "pk": 46, "fields": {"name": "Can change Imagen de propiedad", "content_type": 12, "codename": "change_imagenpropiedad"}}, {"model": "auth.permission", "pk": 47, "fields": {"name": "Can delete Imagen de propiedad", "content_type": 12, "codename": "delete_imagenpropiedad"}}, {"model": "auth.permission", "pk": 48, "fields": {"name": "Can view Imagen de propiedad", "content_type": 12, "codename": "view_imagenpropiedad"}}, {"model": "auth.permission", "pk": 49, "fields": {"name": "Can add Disponibilidad", "content_type": 13, "codename": "add_disponibilidad"}}, {"model": "auth.permission", "pk": 50, "fields": {"name": "Can change Disponibilidad", "content_type": 13, "codename": "change_disponibilidad"}}, {"model": "auth.permission", "pk": 51, "fields": {"name": "Can delete Disponibilidad", "content_type": 13, "codename": "delete_disponibilidad"}}, {"model": "auth.permission", "pk": 52, "fields": {"name": "Can view Disponibilidad", "content_type": 13, "codename": "view_disponibilidad"}}, {"model": "auth.permission", "pk": 53, "fields": {"name": "Can add precio", "content_type": 14, "codename": "add_precio"}}, {"model": "auth.permission", "pk": 54, "fields": {"name": "Can change precio", "content_type": 14, "codename": "change_precio"}}, {"model": "auth.permission", "pk": 55, "fields": {"name": "Can delete precio", "content_type": 14, "codename": "delete_precio"}}, {"model": "auth.permission", "pk": 56, "fields": {"name": "Can view precio", "content_type": 14, "codename": "view_precio"}}, {"model": "contenttypes.contenttype", "pk": 1, "fields": {"app_label": "admin", "model": "logentry"}}, {"model": "contenttypes.contenttype", "pk": 2, "fields": {"app_label": "auth", "model": "permission"}}, {"model": "contenttypes.contenttype", "pk": 3, "fields": {"app_label": "auth", "model": "group"}}, {"model": "contenttypes.contenttype", "pk": 4, "fields": {"app_label": "contenttypes", "model": "contenttype"}}, {"model": "contenttypes.contenttype", "pk": 5, "fields": {"app_label": "sessions", "model": "session"}}, {"model": "contenttypes.contenttype", "pk": 6, "fields": {"app_label": "inmobiliaria", "model": "vendedor"}}, {"model": "contenttypes.contenttype", "pk": 7, "fields": {"app_label": "inmobiliaria", "model": "inquilino"}}, {"model": "contenttypes.contenttype", "pk": 8, "fields": {"app_label": "inmobiliaria", "model": "propiedad"}}, {"model": "contenttypes.contenttype", "pk": 9, "fields": {"app_label": "inmobiliaria", "model": "sucursal"}}, {"model": "contenttypes.contenttype", "pk": 10, "fields": {"app_label": "inmobiliaria", "model": "reserva"}}, {"model": "contenttypes.contenttype", "pk": 11, "fields": {"app_label": "inmobiliaria", "model": "propietario"}}, {"model": "contenttypes.contenttype", "pk": 12, "fields": {"app_label": "inmobiliaria", "model": "imagenpropiedad"}}, {"model": "contenttypes.contenttype", "pk": 13, "fields": {"app_label": "inmobiliaria", "model": "disponibilidad"}}, {"model": "contenttypes.contenttype", "pk": 14, "fields": {"app_label": "inmobiliaria", "model": "precio"}}, {"model": "sessions.session", "pk": "8uq8mpbta3wwb6m37ej16x8khkm1107w", "fields": {"session_data": ".eJxVjDsOwjAQRO_iGlnesE5wSnrOEE3sDTFEtpQPDeLuOFIKaKaYefPeqsO2jt22yNzFoFrF6vTb9fBPSfsQHkj3rH1O6xx7vSP6WBd9y0Gm68H-CUYsY3mLPVsGDcQX9oJQOYKvz6gbZmeNCw6BbU3WAkSO-gFGTMmAphoMijTFl0xFumGOWbXm8wUI1D53:1tGmrX:8KFwvcqyNuIsFKxQ2JWBMcV2OB_vEe6gRwDU3pq_EHU", "expire_date": "2024-12-12T22:19:51.974Z"}}, {"model": "sessions.session", "pk": "bvbx2qaj3lg36z1m0wcobtfxpkktmroa", "fields": {"session_data": ".eJxVjDsOwyAQBe9CHSEwH4PL9DmDtbDrmMQCyZg0Ue4eW3KRtG_mzZuN0LZ5bJXWMSEbmGKX3y1AfFI-AD4g3wuPJW9rCvxQ-EkrvxWk5Xq6f4EZ6ry_tZ20coYECKkmkIhe9h0GQonR-U4IJKN760AJ7ShqMxkPnY7Be6d6u0dzetGyRxusqbBBfL7_DD3b:1tGNfC:d4oSzmh9fKT6j7MURheRqbBxEFl90YIbTy41oUwvOfw", "expire_date": "2024-12-11T19:25:26.797Z"}}, {"model": "sessions.session", "pk": "gkzkhvx1mwte121rjgyfv48ao25de49f", "fields": {"session_data": ".eJxVjDsOwyAQBe9CHSEwH4PL9DmDtbDrmMQCyZg0Ue4eW3KRtG_mzZuN0LZ5bJXWMSEbmGKX3y1AfFI-AD4g3wuPJW9rCvxQ-EkrvxWk5Xq6f4EZ6ry_tZ20coYECKkmkIhe9h0GQonR-U4IJKN760AJ7ShqMxkPnY7Be6d6u0dzetGyRxusqbBBfL7_DD3b:1tFwoo:Bd6qelh3dnUAPjN-DNEowyRca275X_iFuaWMM6Yr8mo", "expire_date": "2024-12-10T14:45:34.849Z"}}, {"model": "sessions.session", "pk": "w28s1no9vqqbt59njqskwub3gbfhufvv", "fields": {"session_data": ".eJxVjDsOwjAQRO_iGlnesE5wSnrOEE3sDTFEtpQPDeLuOFIKaKaYefPeqsO2jt22yNzFoFrF6vTb9fBPSfsQHkj3rH1O6xx7vSP6WBd9y0Gm68H-CUYsY3mLPVsGDcQX9oJQOYKvz6gbZmeNCw6BbU3WAkSO-gFGTMmAphoMijTFl0xFumGOWbXm8wUI1D53:1tFYTm:SiExXUvn29mMFUMjITi5N0IuvVQGFMvZxCfQ_AQpdzE", "expire_date": "2024-12-09T12:46:14.610Z"}}, {"model": "sessions.session", "pk": "xadjtcs3b3cru6mqom2q0jjpb69b6j8w", "fields": {"session_data": ".eJxVjDsOwyAQBe9CHSEwH4PL9DmDtbDrmMQCyZg0Ue4eW3KRtG_mzZuN0LZ5bJXWMSEbmGKX3y1AfFI-AD4g3wuPJW9rCvxQ-EkrvxWk5Xq6f4EZ6ry_tZ20coYECKkmkIhe9h0GQonR-U4IJKN760AJ7ShqMxkPnY7Be6d6u0dzetGyRxusqbBBfL7_DD3b:1tFYeA:WgZDD7wgm2-fjA_YqjttrKI8Usczs1PKskN6QmgmkKc", "expire_date": "2024-12-09T12:56:58.753Z"}}, {"model": "inmobiliaria.sucursal", "pk": 1, "fields": {"nombre": "Colon", "direccion": "Chubut 342", "telefono": "02235029881", "email": "fransalvatierra16@gmail.com"}}, {"model": "inmobiliaria.sucursal", "pk": 2, "fields": {"nombre": "Corrientes", "direccion": "Corrientes 1987", "telefono": "02235029881", "email": "fransalvatierra16@gmail.com"}}, {"model": "inmobiliaria.vendedor", "pk": 1, "fields": {"password": "pbkdf2_sha256$600000$JgBaG5njeAM8g9y9MHyJ7X$ngBlB++0luedJcHp1r/+Nuv4+yoz+aisT9Och97fqXA=", "last_login": "2024-11-25T12:56:07.591Z", "is_superuser": false, "username": "fransalva", "first_name": "", "last_name": "", "is_staff": false, "is_active": true, "date_joined": "2024-11-22T15:37:17.427Z", "dni": "43740931", "nombre": "Francisco", "apellido": "Salvatierra", "fecha_nacimiento": "2001-10-16", "email": "fransalvatierra16@gmail.com", "comision": "3.00", "celular": "", "nivel": 4, "sucursal": 1, "groups": [], "user_permissions": []}}, {"model": "inmobiliaria.vendedor", "pk": 2, "fields": {"password": "pbkdf2_sha256$600000$W6muigrblAl1OONPMd9XJu$NFh1TRbkopwgT554o6dYsjWYHEbSLdmDyESOy3tXT+o=", "last_login": "2024-11-22T16:22:59.802Z", "is_superuser": false, "username": "Alda", "first_name": "", "last_name": "", "is_staff": false, "is_active": true, "date_joined": "2024-11-22T15:37:39.754Z", "dni": "43740931", "nombre": "Francisco", "apellido": "Salvatierra", "fecha_nacimiento": "2001-10-16", "email": "fransalvatierra16@gmail.com", "comision": "3.00", "celular": "", "nivel": 4, "sucursal": 1, "groups": [], "user_permissions": []}}, {"model": "inmobiliaria.vendedor", "pk": 3, "fields": {"password": "pbkdf2_sha256$600000$Ht4WECiVNSOwSgVyJZPAY4$Di+nXZC2luxSIbB7Nssezr45ygccZucoVMSLvG1tj0w=", "last_login": "2024-11-27T19:25:26.794Z", "is_superuser": false, "username": "pedro", "first_name": "", "last_name": "", "is_staff": false, "is_active": true, "date_joined": "2024-11-22T16:26:36.258Z", "dni": "43740934", "nombre": "Francisco", "apellido": "Salvatierra", "fecha_nacimiento": "2000-12-10", "email": "fransalvatierra16@gmail.com", "comision": "2.00", "celular": "", "nivel": 4, "sucursal": 2, "groups": [], "user_permissions": []}}, {"model": "inmobiliaria.vendedor", "pk": 4, "fields": {"password": "pbkdf2_sha256$600000$Co07kHv9EkxHly3EWCAGm2$kiOsi4dbkkSPQ9rM4lAh3Op8hXvcAjTTkIA3iDrqEIM=", "last_login": "2024-11-28T22:19:51.970Z", "is_superuser": false, "username": "gero", "first_name": "", "last_name": "", "is_staff": false, "is_active": true, "date_joined": "2024-11-25T12:22:20.270Z", "dni": "44265153", "nombre": "Geronimo", "apellido": "Gonnet", "fecha_nacimiento": "2002-06-07", "email": "geronimogonnet2002@gmail.com", "comision": "3.00", "celular": "", "nivel": 4, "sucursal": 2, "groups": [], "user_permissions": []}}, {"model": "inmobiliaria.inquilino", "pk": 1, "fields": {"nombre": "Francisco", "apellido": "Salvatierra", "fecha_nacimiento": "2001-08-17", "email": "fransalvatierra16@gmail.com", "celular": "2235029881", "observaciones": "", "localidad": "Mar del Plata", "provincia": "Select State", "domicilio": "chubut 111", "codigo_postal": "7600", "cuit": "20437409322", "tipo_ins": "otro", "tipo_doc": "dni", "garantia": "", "sucursal": 2, "dni": "43740938"}}, {"model": "inmobiliaria.propietario", "pk": 1, "fields": {"nombre": "Francisco", "apellido": "Salvatierra", "fecha_nacimiento": "2000-12-10", "email": "fransalvatierra16@gmail.com", "celular": "2235029881", "observaciones": "", "localidad": "Mar del Plata", "provincia": "Buenos Aires", "domicilio": "Chubut 342", "codigo_postal": "7600", "cuit": "27098736789", "tipo_ins": "otro", "tipo_doc": "dni", "cuenta_bancaria": "", "sucursal": 1, "dni": "43740931"}}, {"model": "inmobiliaria.propietario", "pk": 2, "fields": {"nombre": "Nestor Oscar", "apellido": "Gonnet", "fecha_nacimiento": "1953-07-22", "email": "info@gonnet.com.ar", "celular": "2235954477", "observaciones": "", "localidad": "Mar del Plata", "provincia": "Buenos Aires", "domicilio": "Corrientes 1987", "codigo_postal": "B7600", "cuit": "20107575724", "tipo_ins": "rins", "tipo_doc": "dni", "cuenta_bancaria": "", "sucursal": 2, "dni": "10757572"}}, {"model": "inmobiliaria.propietario", "pk": 9, "fields": {"nombre": "Francisco", "apellido": "Salvatierra", "fecha_nacimiento": "2024-11-17", "email": "fransalvatierra16@gmail.com", "celular": "2235029881", "observaciones": "", "localidad": "Mar del Plata", "provincia": "Buenos Aires", "domicilio": "Saavedra 234", "codigo_postal": "7600", "cuit": "20437409326", "tipo_ins": "otro", "tipo_doc": "dni", "cuenta_bancaria": "", "sucursal": 1, "dni": "43740934"}}, {"model": "inmobiliaria.propietario", "pk": 33, "fields": {"nombre": "Ramon", "apellido": "Perez", "fecha_nacimiento": "2001-10-16", "email": "fransalvatierra16@gmail.com", "celular": "2235029881", "observaciones": "", "localidad": "Mar del Plata", "provincia": "Buenos Aires", "domicilio": "Peña 1990", "codigo_postal": "7600", "cuit": "20437409324", "tipo_ins": "otro", "tipo_doc": "dni", "cuenta_bancaria": "", "sucursal": 2, "dni": "43740939"}}, {"model": "inmobiliaria.propietario", "pk": 39, "fields": {"nombre": "Anita Lara", "apellido": "Bulloni", "fecha_nacimiento": "1980-07-11", "email": "Anitabulloni@gmail.com", "celular": "41764251105", "observaciones": "", "localidad": "Suiza", "provincia": "Suiza", "domicilio": "Suiza", "codigo_postal": "1111", "cuit": "20111111111", "tipo_ins": "rnin", "tipo_doc": "dni", "cuenta_bancaria": "", "sucursal": 2, "dni": "11111111"}}, {"model": "inmobiliaria.propiedad", "pk": "10001", "fields": {"direccion": "Corrientes 1527", "ubicacion": "Corrientes y Diag. Alberdi", "descripcion": "Hermoso departamento de un ambiente con balcon grande y vista al mar.", "tipo_inmueble": "departamento", "vista": "a_la_calle", "piso": 1, "departamento": "B", "ambientes": 1, "valoracion": "excelente", "cuenta_bancaria": "", "propietario": 2, "sucursal": 2, "amoblado": true, "cochera": true, "tv_smart": true, "wifi": true, "dependencia": false, "patio": false, "parrilla": false, "piscina": false, "reciclado": true, "a_estrenar": false, "terraza": false, "balcon": true, "baulera": false, "lavadero": false, "seguridad": false, "vista_al_Mar": true, "vista_panoramica": true, "apto_credito": false}}, {"model": "inmobiliaria.propiedad", "pk": "10029", "fields": {"direccion": "Luro 2265", "ubicacion": "Luro y Entre rios", "descripcion": "Alquiler por dia de departamento de un ambiente reciclado a nuevo con excelente vista al mar. Excelente ubicacion a media cuadra del mar y a una de la peatonal San Martin. Ambiente con cama matrimonial y un secreter para un niño. Ventanal muy luminoso con inmejorable vista!!! Departamento completamente electrico con cocina, horno y microondas.\r\nTV smart y wifi!!\r\nAmoblado para 3 personas", "tipo_inmueble": "departamento", "vista": "lateral", "piso": 11, "departamento": "E", "ambientes": 1, "valoracion": "excelente", "cuenta_bancaria": "", "propietario": 39, "sucursal": 2, "amoblado": true, "cochera": false, "tv_smart": true, "wifi": true, "dependencia": false, "patio": false, "parrilla": false, "piscina": false, "reciclado": true, "a_estrenar": false, "terraza": false, "balcon": false, "baulera": false, "lavadero": false, "seguridad": false, "vista_al_Mar": true, "vista_panoramica": true, "apto_credito": false}}, {"model": "inmobiliaria.propiedad", "pk": "2", "fields": {"direccion": "Corrientes y Rivadavia", "ubicacion": "colon y arenales", "descripcion": "", "tipo_inmueble": "casa-chalet", "vista": "a_la_calle", "piso": 3, "departamento": "B", "ambientes": 3, "valoracion": "bueno", "cuenta_bancaria": "", "propietario": 1, "sucursal": 1, "amoblado": false, "cochera": false, "tv_smart": false, "wifi": false, "dependencia": false, "patio": false, "parrilla": false, "piscina": false, "reciclado": false, "a_estrenar": false, "terraza": false, "balcon": false, "baulera": false, "lavadero": false, "seguridad": false, "vista_al_Mar": false, "vista_panoramica": false, "apto_credito": false}}, {"model": "inmobiliaria.propiedad", "pk": "20001", "fields": {"direccion": "Bolivar 2192", "ubicacion": "Bolivar y Entre Rios", "descripcion": "Departamento de dos ambientes con balcon corrido a la calle a solo media cuadra de plaza colon y una cuadra del mar", "tipo_inmueble": "departamento", "vista": "a_la_calle", "piso": 1, "departamento": "B", "ambientes": 2, "valoracion": "muy_bueno", "cuenta_bancaria": "", "propietario": 2, "sucursal": 2, "amoblado": true, "cochera": true, "tv_smart": true, "wifi": true, "dependencia": false, "patio": false, "parrilla": false, "piscina": false, "reciclado": true, "a_estrenar": false, "terraza": false, "balcon": true, "baulera": false, "lavadero": false, "seguridad": false, "vista_al_Mar": false, "vista_panoramica": false, "apto_credito": false}}, {"model": "inmobiliaria.propiedad", "pk": "20002", "fields": {"direccion": "Santa fe 1715", "ubicacion": "Santa fe y San Martin", "descripcion": "Departamento de dos ambientes en excelente ubicacion a metros de la peatonal San Martin", "tipo_inmueble": "departamento", "vista": "a_la_calle", "piso": 2, "departamento": "C", "ambientes": 2, "valoracion": "bueno", "cuenta_bancaria": "", "propietario": 2, "sucursal": 2, "amoblado": true, "cochera": true, "tv_smart": false, "wifi": true, "dependencia": false, "patio": false, "parrilla": false, "piscina": false, "reciclado": false, "a_estrenar": false, "terraza": false, "balcon": true, "baulera": false, "lavadero": false, "seguridad": false, "vista_al_Mar": false, "vista_panoramica": false, "apto_credito": false}}, {"model": "inmobiliaria.propiedad", "pk": "30003", "fields": {"direccion": "Corrientes 1781", "ubicacion": "Corrientes y Rivadavia", "descripcion": "Hermoso departamento 3 ambientes con balcon a la calle y cochera a media cuadra", "tipo_inmueble": "departamento", "vista": "a_la_calle", "piso": 3, "departamento": "E", "ambientes": 3, "valoracion": "muy_bueno", "cuenta_bancaria": "", "propietario": 2, "sucursal": 2, "amoblado": true, "cochera": true, "tv_smart": false, "wifi": true, "dependencia": false, "patio": false, "parrilla": false, "piscina": false, "reciclado": true, "a_estrenar": false, "terraza": false, "balcon": true, "baulera": false, "lavadero": false, "seguridad": false, "vista_al_Mar": false, "vista_panoramica": false, "apto_credito": false}}, {"model": "inmobiliaria.propiedad", "pk": "4", "fields": {"direccion": "Santa fe 2090", "ubicacion": "colon y arenales", "descripcion": "", "tipo_inmueble": "departamento", "vista": "a_la_calle", "piso": 3, "departamento": "C", "ambientes": 3, "valoracion": "bueno", "cuenta_bancaria": "", "propietario": 1, "sucursal": 1, "amoblado": false, "cochera": false, "tv_smart": false, "wifi": false, "dependencia": false, "patio": false, "parrilla": false, "piscina": false, "reciclado": false, "a_estrenar": false, "terraza": false, "balcon": false, "baulera": false, "lavadero": false, "seguridad": false, "vista_al_Mar": false, "vista_panoramica": false, "apto_credito": false}}, {"model": "inmobiliaria.propiedad", "pk": "99", "fields": {"direccion": "Chubut 342", "ubicacion": "colon y arenales", "descripcion": "", "tipo_inmueble": "departamento", "vista": "a_la_calle", "piso": 3, "departamento": "B", "ambientes": 3, "valoracion": "bueno", "cuenta_bancaria": "", "propietario": 2, "sucursal": 2, "amoblado": false, "cochera": false, "tv_smart": false, "wifi": false, "dependencia": false, "patio": false, "parrilla": false, "piscina": false, "reciclado": false, "a_estrenar": false, "terraza": false, "balcon": false, "baulera": false, "lavadero": false, "seguridad": false, "vista_al_Mar": false, "vista_panoramica": false, "apto_credito": false}}, {"model": "inmobiliaria.imagenpropiedad", "pk": 1, "fields": {"propiedad": "20002", "imagen": "propiedades/IMG_8091.jpeg", "orden": 8, "fecha_creacion": "2024-11-25T12:47:12.674Z"}}, {"model": "inmobiliaria.imagenpropiedad", "pk": 2, "fields": {"propiedad": "20002", "imagen": "propiedades/IMG_8090.jpeg", "orden": 11, "fecha_creacion": "2024-11-25T12:47:12.679Z"}}, {"model": "inmobiliaria.imagenpropiedad", "pk": 3, "fields": {"propiedad": "20002", "imagen": "propiedades/IMG_8089.jpeg", "orden": 12, "fecha_creacion": "2024-11-25T12:47:12.684Z"}}, {"model": "inmobiliaria.imagenpropiedad", "pk": 4, "fields": {"propiedad": "20002", "imagen": "propiedades/IMG_8088.jpeg", "orden": 13, "fecha_creacion": "2024-11-25T12:47:12.688Z"}}, {"model": "inmobiliaria.imagenpropiedad", "pk": 5, "fields": {"propiedad": "20002", "imagen": "propiedades/IMG_8087.jpeg", "orden": 4, "fecha_creacion": "2024-11-25T12:47:12.693Z"}}, {"model": "inmobiliaria.imagenpropiedad", "pk": 6, "fields": {"propiedad": "20002", "imagen": "propiedades/IMG_8086.jpeg", "orden": 10, "fecha_creacion": "2024-11-25T12:47:12.698Z"}}, {"model": "inmobiliaria.imagenpropiedad", "pk": 7, "fields": {"propiedad": "20002", "imagen": "propiedades/IMG_8085.jpeg", "orden": 3, "fecha_creacion": "2024-11-25T12:47:12.704Z"}}, {"model": "inmobiliaria.imagenpropiedad", "pk": 8, "fields": {"propiedad": "20002", "imagen": "propiedades/IMG_8084.jpeg", "orden": 6, "fecha_creacion": "2024-11-25T12:47:12.707Z"}}, {"model": "inmobiliaria.imagenpropiedad", "pk": 9, "fields": {"propiedad": "20002", "imagen": "propiedades/IMG_8083.jpeg", "orden": 9, "fecha_creacion": "2024-11-25T12:47:12.719Z"}}, {"model": "inmobiliaria.imagenpropiedad", "pk": 10, "fields": {"propiedad": "20002", "imagen": "propiedades/IMG_8081.jpeg", "orden": 1, "fecha_creacion": "2024-11-25T12:47:12.723Z"}}, {"model": "inmobiliaria.imagenpropiedad", "pk": 11, "fields": {"propiedad": "20002", "imagen": "propiedades/IMG_8080.jpeg", "orden": 7, "fecha_creacion": "2024-11-25T12:47:12.727Z"}}, {"model": "inmobiliaria.imagenpropiedad", "pk": 12, "fields": {"propiedad": "20002", "imagen": "propiedades/IMG_8079.jpeg", "orden": 2, "fecha_creacion": "2024-11-25T12:47:12.731Z"}}, {"model": "inmobiliaria.imagenpropiedad", "pk": 13, "fields": {"propiedad": "20002", "imagen": "propiedades/IMG_8078.jpeg", "orden": 5, "fecha_creacion": "2024-11-25T12:47:12.734Z"}}, {"model": "inmobiliaria.imagenpropiedad", "pk": 14, "fields": {"propiedad": "20002", "imagen": "propiedades/IMG_8077.jpeg", "orden": 14, "fecha_creacion": "2024-11-25T12:47:12.738Z"}}, {"model": "inmobiliaria.imagenpropiedad", "pk": 15, "fields": {"propiedad": "20002", "imagen": "propiedades/IMG_8076.jpeg", "orden": 15, "fecha_creacion": "2024-11-25T12:47:12.741Z"}}, {"model": "inmobiliaria.imagenpropiedad", "pk": 16, "fields": {"propiedad": "10001", "imagen": "propiedades/IMG_8680.jpeg", "orden": 1, "fecha_creacion": "2024-11-25T12:48:01.095Z"}}, {"model": "inmobiliaria.imagenpropiedad", "pk": 17, "fields": {"propiedad": "10001", "imagen": "propiedades/IMG_8679.jpeg", "orden": 9, "fecha_creacion": "2024-11-25T12:48:01.100Z"}}, {"model": "inmobiliaria.imagenpropiedad", "pk": 18, "fields": {"propiedad": "10001", "imagen": "propiedades/IMG_8678.jpeg", "orden": 11, "fecha_creacion": "2024-11-25T12:48:01.104Z"}}, {"model": "inmobiliaria.imagenpropiedad", "pk": 19, "fields": {"propiedad": "10001", "imagen": "propiedades/IMG_8677.jpeg", "orden": 13, "fecha_creacion": "2024-11-25T12:48:01.108Z"}}, {"model": "inmobiliaria.imagenpropiedad", "pk": 20, "fields": {"propiedad": "10001", "imagen": "propiedades/IMG_8676.jpeg", "orden": 3, "fecha_creacion": "2024-11-25T12:48:01.111Z"}}, {"model": "inmobiliaria.imagenpropiedad", "pk": 21, "fields": {"propiedad": "10001", "imagen": "propiedades/IMG_8675.jpeg", "orden": 4, "fecha_creacion": "2024-11-25T12:48:01.115Z"}}, {"model": "inmobiliaria.imagenpropiedad", "pk": 22, "fields": {"propiedad": "10001", "imagen": "propiedades/IMG_8674.jpeg", "orden": 7, "fecha_creacion": "2024-11-25T12:48:01.118Z"}}, {"model": "inmobiliaria.imagenpropiedad", "pk": 23, "fields": {"propiedad": "10001", "imagen": "propiedades/IMG_8673.jpeg", "orden": 10, "fecha_creacion": "2024-11-25T12:48:01.121Z"}}, {"model": "inmobiliaria.imagenpropiedad", "pk": 24, "fields": {"propiedad": "10001", "imagen": "propiedades/IMG_8672.jpeg", "orden": 5, "fecha_creacion": "2024-11-25T12:48:01.125Z"}}, {"model": "inmobiliaria.imagenpropiedad", "pk": 25, "fields": {"propiedad": "10001", "imagen": "propiedades/IMG_8671.jpeg", "orden": 12, "fecha_creacion": "2024-11-25T12:48:01.128Z"}}, {"model": "inmobiliaria.imagenpropiedad", "pk": 26, "fields": {"propiedad": "10001", "imagen": "propiedades/IMG_8670.jpeg", "orden": 2, "fecha_creacion": "2024-11-25T12:48:01.132Z"}}, {"model": "inmobiliaria.imagenpropiedad", "pk": 27, "fields": {"propiedad": "10001", "imagen": "propiedades/IMG_8669.jpeg", "orden": 6, "fecha_creacion": "2024-11-25T12:48:01.135Z"}}, {"model": "inmobiliaria.imagenpropiedad", "pk": 28, "fields": {"propiedad": "10001", "imagen": "propiedades/IMG_8668.jpeg", "orden": 8, "fecha_creacion": "2024-11-25T12:48:01.139Z"}}, {"model": "inmobiliaria.imagenpropiedad", "pk": 29, "fields": {"propiedad": "99", "imagen": "propiedades/1_fPRyzCk.jpeg", "orden": 1, "fecha_creacion": "2024-11-26T17:05:20.805Z"}}, {"model": "inmobiliaria.imagenpropiedad", "pk": 30, "fields": {"propiedad": "99", "imagen": "propiedades/1_4ENe7GA.jpeg", "orden": 2, "fecha_creacion": "2024-11-27T15:07:48.709Z"}}, {"model": "inmobiliaria.imagenpropiedad", "pk": 31, "fields": {"propiedad": "99", "imagen": "propiedades/WhatsApp_Image_1403-07-19_at_18.06.19_1_jSh8D61.jpeg", "orden": 3, "fecha_creacion": "2024-11-27T18:21:47.232Z"}}, {"model": "inmobiliaria.imagenpropiedad", "pk": 32, "fields": {"propiedad": "99", "imagen": "propiedades/3_p1emNim.jpeg", "orden": 4, "fecha_creacion": "2024-11-27T19:01:16.618Z"}}, {"model": "inmobiliaria.imagenpropiedad", "pk": 33, "fields": {"propiedad": "10029", "imagen": "propiedades/8dec0e34-e559-4454-822e-0f178f96877b.jpeg", "orden": 1, "fecha_creacion": "2024-11-28T22:31:25.277Z"}}, {"model": "inmobiliaria.imagenpropiedad", "pk": 34, "fields": {"propiedad": "10029", "imagen": "propiedades/9be11fad-b146-4cfe-9915-ef93d0505391.jpeg", "orden": 2, "fecha_creacion": "2024-11-28T22:31:25.281Z"}}, {"model": "inmobiliaria.imagenpropiedad", "pk": 35, "fields": {"propiedad": "10029", "imagen": "propiedades/83eaafdb-3023-4a77-a689-43c0e03bcac2.jpeg", "orden": 3, "fecha_creacion": "2024-11-28T22:31:25.285Z"}}, {"model": "inmobiliaria.imagenpropiedad", "pk": 36, "fields": {"propiedad": "10029", "imagen": "propiedades/8d82eeb5-10aa-4637-8bd5-e95df78a10bf.jpeg", "orden": 4, "fecha_creacion": "2024-11-28T22:31:25.289Z"}}, {"model": "inmobiliaria.imagenpropiedad", "pk": 37, "fields": {"propiedad": "10029", "imagen": "propiedades/2888bfbb-cdb4-4e6f-a06a-743a518f6ed2.jpeg", "orden": 5, "fecha_creacion": "2024-11-28T22:31:25.292Z"}}, {"model": "inmobiliaria.imagenpropiedad", "pk": 38, "fields": {"propiedad": "10029", "imagen": "propiedades/a0055186-3aae-4c8c-b96c-738cb5e2db98.jpeg", "orden": 6, "fecha_creacion": "2024-11-28T22:31:25.296Z"}}, {"model": "inmobiliaria.imagenpropiedad", "pk": 39, "fields": {"propiedad": "10029", "imagen": "propiedades/738f24fe-83de-467c-a214-b527f0da4098.jpeg", "orden": 7, "fecha_creacion": "2024-11-28T22:31:25.299Z"}}, {"model": "inmobiliaria.reserva", "pk": 1, "fields": {"propiedad": "4", "fecha_inicio": "2024-11-15", "fecha_fin": "2024-11-21", "hora_ingreso": "15:00:00", "hora_egreso": "10:00:00", "fecha_creacion": "2024-11-22T18:11:24.216Z", "vendedor": 1, "cliente": 1, "precio_total": "0.00", "senia": "0.00", "pago_total": "0.00", "cuota_pendiente": "0.00", "estado": "en_espera", "sucursal": 1}}, {"model": "inmobiliaria.reserva", "pk": 2, "fields": {"propiedad": "20002", "fecha_inicio": "2025-01-01", "fecha_fin": "2025-10-01", "hora_ingreso": "15:00:00", "hora_egreso": "10:00:00", "fecha_creacion": "2024-11-25T13:36:09.904Z", "vendedor": 1, "cliente": 1, "precio_total": "900000.00", "senia": "10000.00", "pago_total": "10000.00", "cuota_pendiente": "890000.00", "estado": "confirmada", "sucursal": 2}}, {"model": "inmobiliaria.reserva", "pk": 34, "fields": {"propiedad": "10001", "fecha_inicio": "2025-01-25", "fecha_fin": "2025-01-31", "hora_ingreso": "15:00:00", "hora_egreso": "10:00:00", "fecha_creacion": "2024-11-27T12:19:01.965Z", "vendedor": 3, "cliente": 1, "precio_total": "840.00", "senia": "0.00", "pago_total": "0.00", "cuota_pendiente": "0.00", "estado": "en_espera", "sucursal": 2}}, {"model": "inmobiliaria.reserva", "pk": 35, "fields": {"propiedad": "20001", "fecha_inicio": "2025-01-15", "fecha_fin": "2025-01-17", "hora_ingreso": "15:00:00", "hora_egreso": "10:00:00", "fecha_creacion": "2024-11-27T19:26:39.535Z", "vendedor": 3, "cliente": 1, "precio_total": "420.00", "senia": "8.00", "pago_total": "8.00", "cuota_pendiente": "412.00", "estado": "confirmada", "sucursal": 2}}, {"model": "inmobiliaria.disponibilidad", "pk": 1, "fields": {"propiedad": "4", "fecha_inicio": "2024-11-02", "fecha_fin": "2024-11-30"}}, {"model": "inmobiliaria.disponibilidad", "pk": 2, "fields": {"propiedad": "20001", "fecha_inicio": "2024-12-16", "fecha_fin": "2025-03-15"}}, {"model": "inmobiliaria.disponibilidad", "pk": 3, "fields": {"propiedad": "20002", "fecha_inicio": "2024-12-16", "fecha_fin": "2025-03-15"}}, {"model": "inmobiliaria.disponibilidad", "pk": 4, "fields": {"propiedad": "10001", "fecha_inicio": "2024-12-16", "fecha_fin": "2025-03-15"}}, {"model": "inmobiliaria.disponibilidad", "pk": 34, "fields": {"propiedad": "10029", "fecha_inicio": "2024-12-15", "fecha_fin": "2025-03-15"}}, {"model": "inmobiliaria.disponibilidad", "pk": 35, "fields": {"propiedad": "30003", "fecha_inicio": "2024-12-15", "fecha_fin": "2025-03-15"}}, {"model": "inmobiliaria.precio", "pk": 1, "fields": {"propiedad": "4", "tipo_precio": "QUINCENA_1_ENERO", "precio_total": "0.00", "precio_por_dia": "0.00", "ajuste_porcentaje": "0.00"}}, {"model": "inmobiliaria.precio", "pk": 2, "fields": {"propiedad": "4", "tipo_precio": "QUINCENA_2_ENERO", "precio_total": "0.00", "precio_por_dia": "0.00", "ajuste_porcentaje": "0.00"}}, {"model": "inmobiliaria.precio", "pk": 3, "fields": {"propiedad": "4", "tipo_precio": "QUINCENA_1_FEBRERO", "precio_total": "0.00", "precio_por_dia": "0.00", "ajuste_porcentaje": "0.00"}}, {"model": "inmobiliaria.precio", "pk": 4, "fields": {"propiedad": "4", "tipo_precio": "QUINCENA_2_FEBRERO", "precio_total": "0.00", "precio_por_dia": "0.00", "ajuste_porcentaje": "0.00"}}, {"model": "inmobiliaria.precio", "pk": 5, "fields": {"propiedad": "4", "tipo_precio": "QUINCENA_1_MARZO", "precio_total": "0.00", "precio_por_dia": "0.00", "ajuste_porcentaje": "0.00"}}, {"model": "inmobiliaria.precio", "pk": 6, "fields": {"propiedad": "4", "tipo_precio": "QUINCENA_2_MARZO", "precio_total": "0.00", "precio_por_dia": "0.00", "ajuste_porcentaje": "0.00"}}, {"model": "inmobiliaria.precio", "pk": 7, "fields": {"propiedad": "4", "tipo_precio": "FINDE_LARGO", "precio_total": "0.00", "precio_por_dia": "0.00", "ajuste_porcentaje": "0.00"}}, {"model": "inmobiliaria.precio", "pk": 8, "fields": {"propiedad": "2", "tipo_precio": "QUINCENA_1_ENERO", "precio_total": "0.00", "precio_por_dia": "0.00", "ajuste_porcentaje": "0.00"}}, {"model": "inmobiliaria.precio", "pk": 9, "fields": {"propiedad": "2", "tipo_precio": "QUINCENA_2_ENERO", "precio_total": "0.00", "precio_por_dia": "0.00", "ajuste_porcentaje": "0.00"}}, {"model": "inmobiliaria.precio", "pk": 10, "fields": {"propiedad": "2", "tipo_precio": "QUINCENA_1_FEBRERO", "precio_total": "0.00", "precio_por_dia": "0.00", "ajuste_porcentaje": "0.00"}}, {"model": "inmobiliaria.precio", "pk": 11, "fields": {"propiedad": "2", "tipo_precio": "QUINCENA_2_FEBRERO", "precio_total": "0.00", "precio_por_dia": "0.00", "ajuste_porcentaje": "0.00"}}, {"model": "inmobiliaria.precio", "pk": 12, "fields": {"propiedad": "2", "tipo_precio": "QUINCENA_1_MARZO", "precio_total": "0.00", "precio_por_dia": "0.00", "ajuste_porcentaje": "0.00"}}, {"model": "inmobiliaria.precio", "pk": 13, "fields": {"propiedad": "2", "tipo_precio": "QUINCENA_2_MARZO", "precio_total": "0.00", "precio_por_dia": "0.00", "ajuste_porcentaje": "0.00"}}, {"model": "inmobiliaria.precio", "pk": 14, "fields": {"propiedad": "2", "tipo_precio": "FINDE_LARGO", "precio_total": "0.00", "precio_por_dia": "0.00", "ajuste_porcentaje": "0.00"}}, {"model": "inmobiliaria.precio", "pk": 15, "fields": {"propiedad": "20001", "tipo_precio": "QUINCENA_1_ENERO", "precio_total": "2240000.00", "precio_por_dia": "140000.00", "ajuste_porcentaje": "0.00"}}, {"model": "inmobiliaria.precio", "pk": 16, "fields": {"propiedad": "20001", "tipo_precio": "QUINCENA_2_ENERO", "precio_total": "2240000.00", "precio_por_dia": "140000.00", "ajuste_porcentaje": "0.00"}}, {"model": "inmobiliaria.precio", "pk": 17, "fields": {"propiedad": "20001", "tipo_precio": "QUINCENA_1_FEBRERO", "precio_total": "1500000.00", "precio_por_dia": "100000.00", "ajuste_porcentaje": "0.00"}}, {"model": "inmobiliaria.precio", "pk": 18, "fields": {"propiedad": "20001", "tipo_precio": "QUINCENA_2_FEBRERO", "precio_total": "1500000.00", "precio_por_dia": "100000.00", "ajuste_porcentaje": "0.00"}}, {"model": "inmobiliaria.precio", "pk": 19, "fields": {"propiedad": "20001", "tipo_precio": "QUINCENA_1_MARZO", "precio_total": "960000.00", "precio_por_dia": "60000.00", "ajuste_porcentaje": "0.00"}}, {"model": "inmobiliaria.precio", "pk": 20, "fields": {"propiedad": "20001", "tipo_precio": "QUINCENA_2_MARZO", "precio_total": "960000.00", "precio_por_dia": "60000.00", "ajuste_porcentaje": "0.00"}}, {"model": "inmobiliaria.precio", "pk": 21, "fields": {"propiedad": "20001", "tipo_precio": "FINDE_LARGO", "precio_total": "0.00", "precio_por_dia": "0.00", "ajuste_porcentaje": "0.00"}}, {"model": "inmobiliaria.precio", "pk": 22, "fields": {"propiedad": "20002", "tipo_precio": "QUINCENA_1_ENERO", "precio_total": "1440000.00", "precio_por_dia": "90000.00", "ajuste_porcentaje": "0.00"}}, {"model": "inmobiliaria.precio", "pk": 23, "fields": {"propiedad": "20002", "tipo_precio": "QUINCENA_2_ENERO", "precio_total": "1760000.00", "precio_por_dia": "110000.00", "ajuste_porcentaje": "0.00"}}, {"model": "inmobiliaria.precio", "pk": 24, "fields": {"propiedad": "20002", "tipo_precio": "QUINCENA_1_FEBRERO", "precio_total": "975000.00", "precio_por_dia": "65000.00", "ajuste_porcentaje": "0.00"}}, {"model": "inmobiliaria.precio", "pk": 25, "fields": {"propiedad": "20002", "tipo_precio": "QUINCENA_2_FEBRERO", "precio_total": "975000.00", "precio_por_dia": "65000.00", "ajuste_porcentaje": "0.00"}}, {"model": "inmobiliaria.precio", "pk": 26, "fields": {"propiedad": "20002", "tipo_precio": "QUINCENA_1_MARZO", "precio_total": "720000.00", "precio_por_dia": "45000.00", "ajuste_porcentaje": "0.00"}}, {"model": "inmobiliaria.precio", "pk": 27, "fields": {"propiedad": "20002", "tipo_precio": "QUINCENA_2_MARZO", "precio_total": "720000.00", "precio_por_dia": "45000.00", "ajuste_porcentaje": "0.00"}}, {"model": "inmobiliaria.precio", "pk": 28, "fields": {"propiedad": "20002", "tipo_precio": "FINDE_LARGO", "precio_total": "0.00", "precio_por_dia": "0.00", "ajuste_porcentaje": "0.00"}}, {"model": "inmobiliaria.precio", "pk": 29, "fields": {"propiedad": "10001", "tipo_precio": "QUINCENA_1_ENERO", "precio_total": "1440000.00", "precio_por_dia": "90000.00", "ajuste_porcentaje": "0.00"}}, {"model": "inmobiliaria.precio", "pk": 30, "fields": {"propiedad": "10001", "tipo_precio": "QUINCENA_2_ENERO", "precio_total": "1920000.00", "precio_por_dia": "120000.00", "ajuste_porcentaje": "0.00"}}, {"model": "inmobiliaria.precio", "pk": 31, "fields": {"propiedad": "10001", "tipo_precio": "QUINCENA_1_FEBRERO", "precio_total": "1200000.00", "precio_por_dia": "80000.00", "ajuste_porcentaje": "0.00"}}, {"model": "inmobiliaria.precio", "pk": 32, "fields": {"propiedad": "10001", "tipo_precio": "QUINCENA_2_FEBRERO", "precio_total": "900000.00", "precio_por_dia": "60000.00", "ajuste_porcentaje": "0.00"}}, {"model": "inmobiliaria.precio", "pk": 33, "fields": {"propiedad": "10001", "tipo_precio": "QUINCENA_1_MARZO", "precio_total": "800000.00", "precio_por_dia": "50000.00", "ajuste_porcentaje": "0.00"}}, {"model": "inmobiliaria.precio", "pk": 34, "fields": {"propiedad": "10001", "tipo_precio": "QUINCENA_2_MARZO", "precio_total": "720000.00", "precio_por_dia": "45000.00", "ajuste_porcentaje": "0.00"}}, {"model": "inmobiliaria.precio", "pk": 35, "fields": {"propiedad": "10001", "tipo_precio": "FINDE_LARGO", "precio_total": "0.00", "precio_por_dia": "0.00", "ajuste_porcentaje": "0.00"}}, {"model": "inmobiliaria.precio", "pk": 36, "fields": {"propiedad": "99", "tipo_precio": "QUINCENA_1_ENERO", "precio_total": "0.00", "precio_por_dia": "0.00", "ajuste_porcentaje": "0.00"}}, {"model": "inmobiliaria.precio", "pk": 37, "fields": {"propiedad": "99", "tipo_precio": "QUINCENA_2_ENERO", "precio_total": "0.00", "precio_por_dia": "0.00", "ajuste_porcentaje": "0.00"}}, {"model": "inmobiliaria.precio", "pk": 38, "fields": {"propiedad": "99", "tipo_precio": "QUINCENA_1_FEBRERO", "precio_total": "0.00", "precio_por_dia": "0.00", "ajuste_porcentaje": "0.00"}}, {"model": "inmobiliaria.precio", "pk": 39, "fields": {"propiedad": "99", "tipo_precio": "QUINCENA_2_FEBRERO", "precio_total": "0.00", "precio_por_dia": "0.00", "ajuste_porcentaje": "0.00"}}, {"model": "inmobiliaria.precio", "pk": 40, "fields": {"propiedad": "99", "tipo_precio": "QUINCENA_1_MARZO", "precio_total": "0.00", "precio_por_dia": "0.00", "ajuste_porcentaje": "0.00"}}, {"model": "inmobiliaria.precio", "pk": 41, "fields": {"propiedad": "99", "tipo_precio": "QUINCENA_2_MARZO", "precio_total": "0.00", "precio_por_dia": "0.00", "ajuste_porcentaje": "0.00"}}, {"model": "inmobiliaria.precio", "pk": 42, "fields": {"propiedad": "99", "tipo_precio": "FINDE_LARGO", "precio_total": "0.00", "precio_por_dia": "0.00", "ajuste_porcentaje": "0.00"}}, {"model": "inmobiliaria.precio", "pk": 43, "fields": {"propiedad": "10029", "tipo_precio": "QUINCENA_1_ENERO", "precio_total": "1920000.00", "precio_por_dia": "120000.00", "ajuste_porcentaje": "0.00"}}, {"model": "inmobiliaria.precio", "pk": 44, "fields": {"propiedad": "10029", "tipo_precio": "QUINCENA_2_ENERO", "precio_total": "2080000.00", "precio_por_dia": "130000.00", "ajuste_porcentaje": "0.00"}}, {"model": "inmobiliaria.precio", "pk": 45, "fields": {"propiedad": "10029", "tipo_precio": "QUINCENA_1_FEBRERO", "precio_total": "1350000.00", "precio_por_dia": "90000.00", "ajuste_porcentaje": "0.00"}}, {"model": "inmobiliaria.precio", "pk": 46, "fields": {"propiedad": "10029", "tipo_precio": "QUINCENA_2_FEBRERO", "precio_total": "1275000.00", "precio_por_dia": "85000.00", "ajuste_porcentaje": "0.00"}}, {"model": "inmobiliaria.precio", "pk": 47, "fields": {"propiedad": "10029", "tipo_precio": "QUINCENA_1_MARZO", "precio_total": "1120000.00", "precio_por_dia": "70000.00", "ajuste_porcentaje": "0.00"}}, {"model": "inmobiliaria.precio", "pk": 48, "fields": {"propiedad": "10029", "tipo_precio": "QUINCENA_2_MARZO", "precio_total": "1120000.00", "precio_por_dia": "70000.00", "ajuste_porcentaje": "0.00"}}, {"model": "inmobiliaria.precio", "pk": 49, "fields": {"propiedad": "10029", "tipo_precio": "FINDE_LARGO", "precio_total": "0.00", "precio_por_dia": "0.00", "ajuste_porcentaje": "0.00"}}, {"model": "inmobiliaria.precio", "pk": 50, "fields": {"propiedad": "30003", "tipo_precio": "QUINCENA_1_ENERO", "precio_total": "2880000.00", "precio_por_dia": "180000.00", "ajuste_porcentaje": "0.00"}}, {"model": "inmobiliaria.precio", "pk": 51, "fields": {"propiedad": "30003", "tipo_precio": "QUINCENA_2_ENERO", "precio_total": "3200000.00", "precio_por_dia": "200000.00", "ajuste_porcentaje": "0.00"}}, {"model": "inmobiliaria.precio", "pk": 52, "fields": {"propiedad": "30003", "tipo_precio": "QUINCENA_1_FEBRERO", "precio_total": "2250000.00", "precio_por_dia": "150000.00", "ajuste_porcentaje": "0.00"}}, {"model": "inmobiliaria.precio", "pk": 53, "fields": {"propiedad": "30003", "tipo_precio": "QUINCENA_2_FEBRERO", "precio_total": "2250000.00", "precio_por_dia": "150000.00", "ajuste_porcentaje": "0.00"}}, {"model": "inmobiliaria.precio", "pk": 54, "fields": {"propiedad": "30003", "tipo_precio": "QUINCENA_1_MARZO", "precio_total": "1920000.00", "precio_por_dia": "120000.00", "ajuste_porcentaje": "0.00"}}, {"model": "inmobiliaria.precio", "pk": 55, "fields": {"propiedad": "30003", "tipo_precio": "QUINCENA_2_MARZO", "precio_total": "1600000.00", "precio_por_dia": "100000.00", "ajuste_porcentaje": "0.00"}}, {"model": "inmobiliaria.precio", "pk": 56, "fields": {"propiedad": "30003", "tipo_precio": "FINDE_LARGO", "precio_total": "0.00", "precio_por_dia": "0.00", "ajuste_porcentaje": "0.00"}}]